{
  "Robot": {
    "Outremona": {
      "task": "squeezing cheese..."
    },
    "Montroyashi": {
      "task": "No drunk people detected.",
      "singing": "🎵🎵 \"I will not be held like a drunkard under the cold tap of facts\" 🎵🎵"
    },
    "Verduny": {
      "task": "finished cutting cubes, and already dipped in maple syrup."
    },
    "Nordo": {
      "task": "Potatoes boiled, and are soft-ish now."
    },
    "Bizar": {
      "task": "Potatoes have been fried."
    },
    "Oldoporto": {
      "task": "keeping the pot at the exact temperature..."
    },
    "Pierre": {
      "task": "Mixing ingredients in cardboard and sending to user now."
    }
  }
}